<?xml version="1.0" encoding="utf-8"?>
<Check>
	<CheckId>032</CheckId>
	<CheckDescription>Use Cases with wrong direction on relationship from Primary Actor</CheckDescription>
	<QueryToFindElements>
		<Main>
			SELECT o.ea_guid AS ItemGuid
			FROM ((((((t_object o
			INNER JOIN t_package p ON p.Package_ID = o.Package_ID)
			LEFT JOIN t_package Package_p1 ON Package_p1.Package_id = p.parent_id)
			LEFT JOIN t_package Package_p2 ON Package_p2.Package_id = Package_p1.parent_id)
			LEFT JOIN t_package Package_p3 ON Package_p3.Package_id = Package_p2.parent_id)
			LEFT JOIN t_package Package_p4 ON Package_p4.Package_id = Package_p3.parent_id)
			LEFT JOIN t_package Package_p5 ON Package_p5.Package_id = Package_p4.parent_id)
			WHERE o.Object_Type = 'UseCase'
			AND (o.StereoType IS NULL OR (o.Stereotype &lt;&gt; 'bProcessUC' AND o.Stereotype  &lt;&gt; 'Business Transaction'))
		</Main>
		<Filters>
			<Change>
				AND o.ea_guid in (
					SELECT oChange.ea_guid 
					FROM t_object oChange
					INNER JOIN t_objectproperties opChange ON oChange.Object_ID = opChange.Object_ID
					WHERE opChange.Property = 'CR'
					AND opChange.Value = '#SearchTerm#'
				)
			</Change>
			<Release>
				AND o.ea_guid in (
					SELECT o2.ea_guid 
					FROM (t_object o2
					INNER JOIN t_objectproperties op2 ON o2.Object_ID = op2.Object_ID)
					WHERE op2.Property = 'CR'
					AND op2.Value in (
						SELECT oChange.ea_guid
						FROM ((t_object oRelease						
						INNER JOIN t_connector con ON oRelease.Object_ID = con.End_Object_ID)
						INNER JOIN t_object oChange ON con.Start_Object_ID = oChange.Object_ID)						
						WHERE oRelease.ea_guid = '#SearchTerm#'
					)
				)					
			</Release>
			<Package>
				AND p.Package_ID in (#Branch#)
			</Package>
			<FunctionalDesign>
				AND o.ea_guid in (
					SELECT o1.ea_guid
					FROM t_object o1
					INNER JOIN t_diagramobjects do1 ON do1.Object_ID = o1.Object_ID
					INNER JOIN t_diagram d1 ON d1.Diagram_ID = do1.Diagram_ID
					WHERE d1.ea_guid = '#SearchTerm#'
				)
			</FunctionalDesign>
		</Filters>
	</QueryToFindElements>
	<QueryToCheckFoundElements>
		<Main>
			SELECT o.Name AS ItemName
			, 'object' as ItemType
			, o.ea_guid AS ItemGuid
			, o.Object_Type AS ElementType
			, o.StereoType AS ElementStereotype
			, p.name AS PackageName
			, package_p1.name AS PackageParentLevel1
			, package_p2.name AS PackageParentLevel2 
			, package_p3.name AS PackageParentLevel3
			, package_p4.name AS PackageParentLevel4
			, package_p5.name AS PackageParentLevel5
			FROM ((((((t_object o
			INNER JOIN t_package p ON p.Package_ID = o.Package_ID)
			LEFT JOIN t_package Package_p1 ON Package_p1.Package_id = p.parent_id)
			LEFT JOIN t_package Package_p2 ON Package_p2.Package_id = Package_p1.parent_id)
			LEFT JOIN t_package Package_p3 ON Package_p3.Package_id = Package_p2.parent_id)
			LEFT JOIN t_package Package_p4 ON Package_p4.Package_id = Package_p3.parent_id)
			LEFT JOIN t_package Package_p5 ON Package_p5.Package_id = Package_p4.parent_id)
			WHERE o.ea_guid in (#ElementGuids#)
			AND o.Object_ID IN
			(
				SELECT oUc.Object_ID
				FROM (((((((t_diagram d
				INNER JOIN t_diagramobjects doAct ON doAct.Diagram_ID = d.Diagram_ID)
				INNER JOIN t_object oAct ON (oAct.Object_ID = doAct.Object_ID AND oAct.Object_Type = 'Actor'))
				INNER JOIN t_diagramobjects doBnd ON doBnd.Diagram_ID = d.Diagram_ID) 
				INNER JOIN t_object oBnd ON (oBnd.Object_ID = doBnd.Object_ID AND oBnd.Object_Type = 'Boundary'))
				INNER JOIN t_diagramobjects doUC ON doUC.Diagram_ID = d.Diagram_ID) 
				INNER JOIN t_object oUC ON (oUC.Object_ID = doUC.Object_ID AND oUC.Object_Type = 'Usecase' ))
				INNER JOIN t_connector con ON (con.End_Object_ID = oAct.Object_ID AND con.Start_Object_ID = oUC.Object_ID))
				WHERE doAct.RectRight &lt; doBnd.RectLeft
			)
		</Main>
		<Parameters></Parameters>
	</QueryToCheckFoundElements>
	<WarningType>Error</WarningType>
	<Rationale>The direction of a relationship must be FROM Primary Actor TO Use Case.</Rationale>
	<ProposedSolution>Redraw the relationship in the correct direction.</ProposedSolution>
</Check>