<?xml version="1.0" encoding="utf-8"?>
<Check>
	<CheckId>035</CheckId>
	<CheckDescription>Use Cases with included child Use Cases which are not added to the Scenarios</CheckDescription>
	<QueryToFindElements>
		<Main>
			SELECT distinct o.ea_guid AS ItemGuid
			FROM ((((((((t_object o
			INNER JOIN t_package p ON p.Package_ID = o.Package_ID)
			INNER JOIN t_connector con on (o.Object_ID = con.Start_Object_ID))
			INNER JOIN t_object o2 on (con.End_Object_ID = o2.Object_ID))
			LEFT JOIN t_package Package_p1 ON Package_p1.Package_id = p.parent_id)
			LEFT JOIN t_package Package_p2 ON Package_p2.Package_id = Package_p1.parent_id)
			LEFT JOIN t_package Package_p3 ON Package_p3.Package_id = Package_p2.parent_id)
			LEFT JOIN t_package Package_p4 ON Package_p4.Package_id = Package_p3.parent_id)
			LEFT JOIN t_package Package_p5 ON Package_p5.Package_id = Package_p4.parent_id)
			WHERE o.Object_Type = 'UseCase'
			AND o2.Object_Type = 'UseCase'
			AND con.Connector_Type = 'UseCase'
			AND con.Stereotype = 'include'
			AND (o.Stereotype IS NULL OR (o.Stereotype &lt;&gt; 'bProcessUC' AND o.Stereotype  &lt;&gt; 'Business Transaction'))
		</Main>
		<Filters>
			<Change>
				AND o.ea_guid in (
					SELECT oChange.ea_guid 
					FROM t_object oChange
					INNER JOIN t_objectproperties opChange ON oChange.Object_ID = opChange.Object_ID
					WHERE opChange.Property = 'CR'
					AND opChange.Value = '#SearchTerm#'
				)
			</Change>
			<Release>
				AND o.ea_guid in (
					SELECT o2.ea_guid 
					FROM (t_object o2
					INNER JOIN t_objectproperties op2 ON o2.Object_ID = op2.Object_ID)
					WHERE op2.Property = 'CR'
					AND op2.Value in (
						SELECT oChange.ea_guid
						FROM ((t_object oRelease						
						INNER JOIN t_connector con ON oRelease.Object_ID = con.End_Object_ID)
						INNER JOIN t_object oChange ON con.Start_Object_ID = oChange.Object_ID)						
						WHERE oRelease.ea_guid = '#SearchTerm#'
					)
				)					
			</Release>
			<Package>
				AND p.Package_ID in (#Branch#)
			</Package>
			<FunctionalDesign>
				AND o.ea_guid in (
					SELECT o1.ea_guid
					FROM t_object o1
					INNER JOIN t_diagramobjects do1 ON do1.Object_ID = o1.Object_ID
					INNER JOIN t_diagram d1 ON d1.Diagram_ID = do1.Diagram_ID
					WHERE d1.ea_guid = '#SearchTerm#'
				)
			</FunctionalDesign>
		</Filters>
	</QueryToFindElements>
	<QueryToCheckFoundElements>
		<Main>
			SELECT o.Name AS ItemName
			, 'object' as ItemType
			, o.ea_guid AS ItemGuid
			, o.Object_Type AS ElementType
			, o.StereoType AS ElementStereotype
			, p.name AS PackageName
			, package_p1.name AS PackageParentLevel1
			, package_p2.name AS PackageParentLevel2 
			, package_p3.name AS PackageParentLevel3
			, package_p4.name AS PackageParentLevel4
			, package_p5.name AS PackageParentLevel5
			FROM ((((((t_object o
			INNER JOIN t_package p ON p.Package_ID = o.Package_ID)
			LEFT JOIN t_package Package_p1 ON Package_p1.Package_id = p.parent_id)
			LEFT JOIN t_package Package_p2 ON Package_p2.Package_id = Package_p1.parent_id)
			LEFT JOIN t_package Package_p3 ON Package_p3.Package_id = Package_p2.parent_id)
			LEFT JOIN t_package Package_p4 ON Package_p4.Package_id = Package_p3.parent_id)
			LEFT JOIN t_package Package_p5 ON Package_p5.Package_id = Package_p4.parent_id)
			WHERE o.ea_guid in (#ElementGuids#)
			AND o.ea_guid NOT IN 
			(
				SELECT obj.ea_guid
				FROM (((t_object obj
				INNER JOIN t_connector cnn on (obj.Object_ID = cnn.Start_Object_ID))
				INNER JOIN t_object obj2 on (cnn.End_Object_ID = obj2.Object_ID))
				INNER JOIN t_objectscenarios objs on (obj.Object_ID = objs.Object_ID))
				WHERE obj.Object_Type = 'UseCase'
				AND obj2.Object_Type = 'UseCase'
				AND cnn.Connector_Type = 'UseCase'
				AND cnn.Stereotype = 'include'				
				AND CONVERT(nvarchar(max),objs.XMLContent) LIKE ('%' + obj2.ea_guid + '%')
			)
		</Main>
		<Parameters></Parameters>
	</QueryToCheckFoundElements>
	<WarningType>Error</WarningType>
	<Rationale>Included Use Cases on an including Use Case must be used on at least one scenario of the including Use Case.</Rationale>
	<ProposedSolution>Remove the Include-relationship(s) or add it to a scenario.</ProposedSolution>
</Check>